{
  "Total" : {
    "transaction" : "Total",
    "sampleCount" : 10000,
    "errorCount" : 10000,
    "errorPct" : 100.0,
    "meanResTime" : 1.2861999999999973,
    "medianResTime" : 0.0,
    "minResTime" : 0.0,
    "maxResTime" : 129.0,
    "pct1ResTime" : 1.0,
    "pct2ResTime" : 1.0,
    "pct3ResTime" : 38.0,
    "throughput" : 1016.3634515702815,
    "receivedKBytesPerSec" : 2533.960831893485,
    "sentKBytesPerSec" : 0.0
  },
  "HTTP Request" : {
    "transaction" : "HTTP Request",
    "sampleCount" : 10000,
    "errorCount" : 10000,
    "errorPct" : 100.0,
    "meanResTime" : 1.2861999999999973,
    "medianResTime" : 0.0,
    "minResTime" : 0.0,
    "maxResTime" : 129.0,
    "pct1ResTime" : 1.0,
    "pct2ResTime" : 1.0,
    "pct3ResTime" : 38.0,
    "throughput" : 1016.3634515702815,
    "receivedKBytesPerSec" : 2533.960831893485,
    "sentKBytesPerSec" : 0.0
  }
}